source,url,title,publication_date,destination,country,accessibility_topics,travel_topics,source_type
SATH,https://sath.org/news-and-blog,News and Blog – SATH,,,,,,editorial
SATH,https://sath.org/resources,Resources – SATH,,,,,,editorial
SATH,https://sath.org/destinations,Destinations – SATH,,,,,,editorial
SATH,https://sath.org/travel-tips-and-access-information,Travel Tips and Access Information – SATH,,,,,travel tips,editorial
SATH,https://sath.org/newsletters-newspapers,Newsletters/ Newspapers – SATH,,,,,,editorial
SATH,https://sath.org/government-resources,Government Resources – SATH,,,,,,editorial
SATH,https://sath.org/books-access-guides-and-brochures,"Books, Access Guides And Brochures – SATH",,,,,travel tips,editorial
Disabled Travel with Georgina,https://disabledtravelwithgeorgina.com/blog,Blog – Disabled Travel with Georgina,,,,,,travel_blog
Disabled Travel with Georgina,https://disabledtravelwithgeorgina.com/disney-paris-wheelchair-friendly-hotel,Disney Paris Wheelchair Friendly Hotel – Disabled Travel with Georgina,,,,wheelchair,hotels,travel_blog
Carrie-Ann Lightley,https://www.carrieannlightley.com/blog,Travel Stories | Carrie-Ann Lightley,,,Scotland; UK,accessible hotel; wheelchair,beaches; hotels; excursions; travel tips; holidays,travel_blog
